index,Year,County,Strata,Strata_name,Population,Births,ABR,Lower_,Upper_
0,2014-2016,Alameda,Age 15-19,All,154934,1508,9.7,9.2,10.2
1,2014-2016,Alameda,Age 15-17,All,86666,367,4.2,3.8,4.6
2,2014-2016,Alameda,Age 18-19,All,68268,1141,16.7,15.7,17.7
3,2014-2016,Alameda,Age 15-19,Hispanic,46722,890,19,17.8,20.2
4,2014-2016,Alameda,Age 15-19,AsianPI,41518,82,2,1.6,2.5
5,2014-2016,Alameda,Age 15-19,White,37507,114,3,2.4,3.6
6,2014-2016,Alameda,Age 15-19,Black,18921,284,15,13.3,16.7
7,2014-2016,Alameda,Age 15-19,MultRace,9877,67,6.8,5.3,8.6
8,2014-2016,Alameda,Age 15-19,AIAN,389,S,S,S,S
9,2014-2016,Alpine,Age 15-19,All,129,0,0,0,0
10,2014-2016,Alpine,Age 15-19,White,88,0,0,0,0
11,2014-2016,Alpine,Age 15-17,All,82,0,0,0,0
12,2014-2016,Alpine,Age 18-19,All,47,0,0,0,0
13,2014-2016,Alpine,Age 15-19,AIAN,33,0,0,0,0
14,2014-2016,Alpine,Age 15-19,Hispanic,8,0,0,0,0
15,2014-2016,Alpine,Age 15-19,AsianPI,0,0,0,0,0
16,2014-2016,Alpine,Age 15-19,Black,0,0,0,0,0
17,2014-2016,Alpine,Age 15-19,MultRace,0,0,0,0,0
18,2014-2016,Amador,Age 15-19,All,2919,S,S,S,S
19,2014-2016,Amador,Age 15-19,White,2136,S,S,S,S
20,2014-2016,Amador,Age 15-17,All,1737,S,S,S,S
21,2014-2016,Amador,Age 18-19,All,1182,S,S,S,S
22,2014-2016,Amador,Age 15-19,Hispanic,525,S,S,S,S
23,2014-2016,Amador,Age 15-19,MultRace,172,S,S,S,S
24,2014-2016,Amador,Age 15-19,AIAN,47,S,S,S,S
25,2014-2016,Amador,Age 15-19,AsianPI,23,S,S,S,S
26,2014-2016,Amador,Age 15-19,Black,16,0,0,0,0
27,2014-2016,Butte,Age 15-19,All,25951,420,16.2,14.7,17.7
28,2014-2016,Butte,Age 15-19,White,16295,208,12.8,11.1,14.5
29,2014-2016,Butte,Age 18-19,All,13057,311,23.8,21.2,26.4
30,2014-2016,Butte,Age 15-17,All,12894,109,8.5,6.9,10.1
31,2014-2016,Butte,Age 15-19,Hispanic,5798,106,18.3,14.8,21.8
32,2014-2016,Butte,Age 15-19,AsianPI,1725,S,S,S,S
33,2014-2016,Butte,Age 15-19,MultRace,1344,S,S,S,S
34,2014-2016,Butte,Age 15-19,AIAN,431,S,S,S,S
35,2014-2016,Butte,Age 15-19,Black,358,S,S,S,S
36,2014-2016,Calaveras,Age 15-19,All,3995,S,S,S,S
37,2014-2016,Calaveras,Age 15-19,White,3009,S,S,S,S
38,2014-2016,Calaveras,Age 15-17,All,2273,S,S,S,S
39,2014-2016,Calaveras,Age 18-19,All,1722,S,S,S,S
40,2014-2016,Calaveras,Age 15-19,Hispanic,698,S,S,S,S
41,2014-2016,Calaveras,Age 15-19,MultRace,165,S,S,S,S
42,2014-2016,Calaveras,Age 15-19,AsianPI,58,0,0,0,0
43,2014-2016,Calaveras,Age 15-19,AIAN,34,S,S,S,S
44,2014-2016,Calaveras,Age 15-19,Black,31,0,0,0,0
45,2014-2016,Colusa,Age 15-19,All,2451,S,S,S,S
46,2014-2016,Colusa,Age 15-19,Hispanic,1713,S,S,S,S
47,2014-2016,Colusa,Age 15-17,All,1504,S,S,S,S
48,2014-2016,Colusa,Age 18-19,All,947,S,S,S,S
49,2014-2016,Colusa,Age 15-19,White,626,S,S,S,S
50,2014-2016,Colusa,Age 15-19,AIAN,48,S,S,S,S
51,2014-2016,Colusa,Age 15-19,MultRace,46,S,S,S,S
52,2014-2016,Colusa,Age 15-19,AsianPI,10,0,0,0,0
53,2014-2016,Colusa,Age 15-19,Black,8,0,0,0,0
54,2014-2016,Contra Costa,Age 15-19,All,106449,1178,11.1,10.5,11.7
55,2014-2016,Contra Costa,Age 15-17,All,66067,306,4.6,4.1,5.1
56,2014-2016,Contra Costa,Age 18-19,All,40382,872,21.6,20.2,23
57,2014-2016,Contra Costa,Age 15-19,White,39475,139,3.5,2.9,4.1
58,2014-2016,Contra Costa,Age 15-19,Hispanic,34394,716,20.8,19.3,22.3
59,2014-2016,Contra Costa,Age 15-19,AsianPI,13958,40,2.9,2.1,3.9
60,2014-2016,Contra Costa,Age 15-19,Black,11387,171,15,12.8,17.2
61,2014-2016,Contra Costa,Age 15-19,MultRace,7005,70,10,7.8,12.6
62,2014-2016,Contra Costa,Age 15-19,AIAN,230,0,0,0,0
63,2014-2016,Del Norte,Age 15-19,All,2504,S,S,S,S
64,2014-2016,Del Norte,Age 15-17,All,1559,S,S,S,S
65,2014-2016,Del Norte,Age 15-19,White,1414,S,S,S,S
66,2014-2016,Del Norte,Age 18-19,All,945,S,S,S,S
67,2014-2016,Del Norte,Age 15-19,Hispanic,536,S,S,S,S
68,2014-2016,Del Norte,Age 15-19,AIAN,255,S,S,S,S
69,2014-2016,Del Norte,Age 15-19,AsianPI,164,S,S,S,S
70,2014-2016,Del Norte,Age 15-19,MultRace,135,S,S,S,S
71,2014-2016,Del Norte,Age 15-19,Black,0,0,0,0,0
72,2014-2016,El Dorado,Age 15-19,All,18809,159,8.5,7.2,9.8
73,2014-2016,El Dorado,Age 15-19,White,13410,S,S,S,S
74,2014-2016,El Dorado,Age 15-17,All,11225,S,S,S,S
75,2014-2016,El Dorado,Age 18-19,All,7584,123,16.2,13.3,19.1
76,2014-2016,El Dorado,Age 15-19,Hispanic,3475,S,S,S,S
77,2014-2016,El Dorado,Age 15-19,MultRace,908,S,S,S,S
78,2014-2016,El Dorado,Age 15-19,AsianPI,687,S,S,S,S
79,2014-2016,El Dorado,Age 15-19,AIAN,165,S,S,S,S
80,2014-2016,El Dorado,Age 15-19,Black,164,S,S,S,S
81,2014-2016,Fresno,Age 15-19,All,120564,3592,29.8,28.8,30.8
82,2014-2016,Fresno,Age 15-19,Hispanic,72889,2702,37.1,35.7,38.5
83,2014-2016,Fresno,Age 15-17,All,67468,1131,16.8,15.8,17.8
84,2014-2016,Fresno,Age 18-19,All,53096,2461,46.4,44.6,48.2
85,2014-2016,Fresno,Age 15-19,White,25918,315,12.2,10.9,13.5
86,2014-2016,Fresno,Age 15-19,AsianPI,12342,210,17,14.7,19.3
87,2014-2016,Fresno,Age 15-19,Black,5944,266,44.8,39.4,50.2
88,2014-2016,Fresno,Age 15-19,MultRace,2865,54,18.8,14.1,24.5
89,2014-2016,Fresno,Age 15-19,AIAN,606,24,39.6,25.4,58.9
90,2014-2016,Glenn,Age 15-19,All,3193,S,S,S,S
91,2014-2016,Glenn,Age 15-17,All,1918,S,S,S,S
92,2014-2016,Glenn,Age 15-19,Hispanic,1615,S,S,S,S
93,2014-2016,Glenn,Age 15-19,White,1420,S,S,S,S
94,2014-2016,Glenn,Age 18-19,All,1275,S,S,S,S
95,2014-2016,Glenn,Age 15-19,AsianPI,61,S,S,S,S
96,2014-2016,Glenn,Age 15-19,MultRace,60,S,S,S,S
97,2014-2016,Glenn,Age 15-19,AIAN,26,S,S,S,S
98,2014-2016,Glenn,Age 15-19,Black,11,S,S,S,S
99,2014-2016,Humboldt,Age 15-19,All,14356,208,14.5,12.5,16.5
100,2014-2016,Humboldt,Age 15-19,White,9053,S,S,S,S
101,2014-2016,Humboldt,Age 15-17,All,7466,S,S,S,S
102,2014-2016,Humboldt,Age 18-19,All,6890,155,22.5,19,26
103,2014-2016,Humboldt,Age 15-19,Hispanic,2718,S,S,S,S
104,2014-2016,Humboldt,Age 15-19,MultRace,1026,S,S,S,S
105,2014-2016,Humboldt,Age 15-19,AIAN,892,S,S,S,S
106,2014-2016,Humboldt,Age 15-19,AsianPI,499,S,S,S,S
107,2014-2016,Humboldt,Age 15-19,Black,168,S,S,S,S
108,2014-2016,Imperial,Age 15-19,All,20747,784,37.8,35.2,40.4
109,2014-2016,Imperial,Age 15-19,Hispanic,18477,739,40,37.1,42.9
110,2014-2016,Imperial,Age 15-17,All,12451,214,17.2,14.9,19.5
111,2014-2016,Imperial,Age 18-19,All,8296,570,68.7,63.1,74.3
112,2014-2016,Imperial,Age 15-19,White,1601,S,S,S,S
113,2014-2016,Imperial,Age 15-19,AIAN,261,S,S,S,S
114,2014-2016,Imperial,Age 15-19,AsianPI,181,S,S,S,S
115,2014-2016,Imperial,Age 15-19,Black,131,S,S,S,S
116,2014-2016,Imperial,Age 15-19,MultRace,96,S,S,S,S
117,2014-2016,Inyo,Age 15-19,All,1598,S,S,S,S
118,2014-2016,Inyo,Age 15-17,All,928,S,S,S,S
119,2014-2016,Inyo,Age 15-19,White,740,S,S,S,S
120,2014-2016,Inyo,Age 18-19,All,670,S,S,S,S
121,2014-2016,Inyo,Age 15-19,Hispanic,590,S,S,S,S
122,2014-2016,Inyo,Age 15-19,AIAN,205,S,S,S,S
123,2014-2016,Inyo,Age 15-19,MultRace,44,S,S,S,S
124,2014-2016,Inyo,Age 15-19,Black,12,0,0,0,0
125,2014-2016,Inyo,Age 15-19,AsianPI,7,0,0,0,0
126,2014-2016,Kern,Age 15-19,All,104299,3716,35.6,34.5,36.7
127,2014-2016,Kern,Age 15-19,Hispanic,64089,2728,42.6,41,44.2
128,2014-2016,Kern,Age 15-17,All,60747,1091,18,16.9,19.1
129,2014-2016,Kern,Age 18-19,All,43552,2625,60.3,58,62.6
130,2014-2016,Kern,Age 15-19,White,27686,610,22,20.3,23.7
131,2014-2016,Kern,Age 15-19,Black,5508,231,41.9,36.5,47.3
132,2014-2016,Kern,Age 15-19,AsianPI,3780,23,6.1,3.9,9.2
133,2014-2016,Kern,Age 15-19,MultRace,2542,88,34.6,27.8,42.6
134,2014-2016,Kern,Age 15-19,AIAN,694,15,21.6,12.1,35.6
135,2014-2016,Kings,Age 15-19,All,17292,554,32,29.3,34.7
136,2014-2016,Kings,Age 15-19,Hispanic,11480,436,38,34.4,41.6
137,2014-2016,Kings,Age 15-17,All,10497,156,14.9,12.6,17.2
138,2014-2016,Kings,Age 18-19,All,6795,398,58.6,52.8,64.4
139,2014-2016,Kings,Age 15-19,White,3729,S,S,S,S
140,2014-2016,Kings,Age 15-19,Black,760,S,S,S,S
141,2014-2016,Kings,Age 15-19,AsianPI,618,S,S,S,S
142,2014-2016,Kings,Age 15-19,MultRace,529,S,S,S,S
143,2014-2016,Kings,Age 15-19,AIAN,176,S,S,S,S
144,2014-2016,Lake,Age 15-19,All,5447,167,30.7,26,35.4
145,2014-2016,Lake,Age 15-19,White,3378,S,S,S,S
146,2014-2016,Lake,Age 15-17,All,3261,S,S,S,S
147,2014-2016,Lake,Age 18-19,All,2186,S,S,S,S
148,2014-2016,Lake,Age 15-19,Hispanic,1564,S,S,S,S
149,2014-2016,Lake,Age 15-19,MultRace,246,S,S,S,S
150,2014-2016,Lake,Age 15-19,AIAN,183,S,S,S,S
151,2014-2016,Lake,Age 15-19,Black,48,S,S,S,S
152,2014-2016,Lake,Age 15-19,AsianPI,28,0,0,0,0
153,2014-2016,Lassen,Age 15-19,All,2371,S,S,S,S
154,2014-2016,Lassen,Age 15-19,White,1747,S,S,S,S
155,2014-2016,Lassen,Age 15-17,All,1418,S,S,S,S
156,2014-2016,Lassen,Age 18-19,All,953,S,S,S,S
157,2014-2016,Lassen,Age 15-19,Hispanic,375,S,S,S,S
158,2014-2016,Lassen,Age 15-19,MultRace,135,S,S,S,S
159,2014-2016,Lassen,Age 15-19,AIAN,81,0,0,0,0
160,2014-2016,Lassen,Age 15-19,AsianPI,18,S,S,S,S
161,2014-2016,Lassen,Age 15-19,Black,15,0,0,0,0
162,2014-2016,Los Angeles,Age 15-19,All,1075590,18423,17.1,16.9,17.3
163,2014-2016,Los Angeles,Age 15-19,Hispanic,643340,15627,24.3,23.9,24.7
164,2014-2016,Los Angeles,Age 15-17,All,609054,5232,8.6,8.4,8.8
165,2014-2016,Los Angeles,Age 18-19,All,466536,13191,28.3,27.8,28.8
166,2014-2016,Los Angeles,Age 15-19,White,195999,580,3,2.8,3.2
167,2014-2016,Los Angeles,Age 15-19,AsianPI,118806,199,1.7,1.5,1.9
168,2014-2016,Los Angeles,Age 15-19,Black,87138,1645,18.9,18,19.8
169,2014-2016,Los Angeles,Age 15-19,MultRace,28603,249,8.7,7.6,9.8
170,2014-2016,Los Angeles,Age 15-19,AIAN,1704,21,12.3,7.6,18.8
171,2014-2016,Madera,Age 15-19,All,17290,617,35.7,32.9,38.5
172,2014-2016,Madera,Age 15-19,Hispanic,11508,516,44.8,40.9,48.7
173,2014-2016,Madera,Age 15-17,All,10262,194,18.9,16.2,21.6
174,2014-2016,Madera,Age 18-19,All,7028,423,60.2,54.5,65.9
175,2014-2016,Madera,Age 15-19,White,4517,S,S,S,S
176,2014-2016,Madera,Age 15-19,Black,382,S,S,S,S
177,2014-2016,Madera,Age 15-19,MultRace,368,S,S,S,S
178,2014-2016,Madera,Age 15-19,AsianPI,328,0,0,0,0
179,2014-2016,Madera,Age 15-19,AIAN,187,S,S,S,S
180,2014-2016,Marin,Age 15-19,All,21136,159,7.5,6.3,8.7
181,2014-2016,Marin,Age 15-19,White,13957,S,S,S,S
182,2014-2016,Marin,Age 15-17,All,13365,S,S,S,S
183,2014-2016,Marin,Age 18-19,All,7771,110,14.2,11.5,16.9
184,2014-2016,Marin,Age 15-19,Hispanic,4214,133,31.6,26.2,37
185,2014-2016,Marin,Age 15-19,AsianPI,1291,S,S,S,S
186,2014-2016,Marin,Age 15-19,MultRace,1216,0,0,0,0
187,2014-2016,Marin,Age 15-19,Black,423,S,S,S,S
188,2014-2016,Marin,Age 15-19,AIAN,35,0,0,0,0
189,2014-2016,Mariposa,Age 15-19,All,1482,S,S,S,S
190,2014-2016,Mariposa,Age 15-19,White,1119,S,S,S,S
191,2014-2016,Mariposa,Age 15-17,All,829,S,S,S,S
192,2014-2016,Mariposa,Age 18-19,All,653,S,S,S,S
193,2014-2016,Mariposa,Age 15-19,Hispanic,249,S,S,S,S
194,2014-2016,Mariposa,Age 15-19,MultRace,76,0,0,0,0
195,2014-2016,Mariposa,Age 15-19,Black,15,0,0,0,0
196,2014-2016,Mariposa,Age 15-19,AIAN,13,0,0,0,0
197,2014-2016,Mariposa,Age 15-19,AsianPI,10,0,0,0,0
198,2014-2016,Mendocino,Age 15-19,All,7843,194,24.7,21.2,28.2
199,2014-2016,Mendocino,Age 15-17,All,4647,S,S,S,S
200,2014-2016,Mendocino,Age 15-19,White,3966,S,S,S,S
201,2014-2016,Mendocino,Age 18-19,All,3196,S,S,S,S
202,2014-2016,Mendocino,Age 15-19,Hispanic,2832,S,S,S,S
203,2014-2016,Mendocino,Age 15-19,AIAN,400,S,S,S,S
204,2014-2016,Mendocino,Age 15-19,MultRace,350,S,S,S,S
205,2014-2016,Mendocino,Age 15-19,AsianPI,265,0,0,0,0
206,2014-2016,Mendocino,Age 15-19,Black,30,S,S,S,S
207,2014-2016,Merced,Age 15-19,All,35518,1043,29.4,27.6,31.2
208,2014-2016,Merced,Age 15-19,Hispanic,23486,809,34.4,32,36.8
209,2014-2016,Merced,Age 15-17,All,20468,296,14.5,12.8,16.2
210,2014-2016,Merced,Age 18-19,All,15050,747,49.6,46,53.2
211,2014-2016,Merced,Age 15-19,White,6880,143,20.8,17.4,24.2
212,2014-2016,Merced,Age 15-19,AsianPI,3317,S,S,S,S
213,2014-2016,Merced,Age 15-19,Black,1052,S,S,S,S
214,2014-2016,Merced,Age 15-19,MultRace,702,S,S,S,S
215,2014-2016,Merced,Age 15-19,AIAN,81,S,S,S,S
216,2014-2016,Modoc,Age 15-19,All,928,S,S,S,S
217,2014-2016,Modoc,Age 15-19,White,597,S,S,S,S
218,2014-2016,Modoc,Age 15-17,All,523,S,S,S,S
219,2014-2016,Modoc,Age 18-19,All,405,S,S,S,S
220,2014-2016,Modoc,Age 15-19,Hispanic,234,S,S,S,S
221,2014-2016,Modoc,Age 15-19,AIAN,54,S,S,S,S
222,2014-2016,Modoc,Age 15-19,MultRace,42,0,0,0,0
223,2014-2016,Modoc,Age 15-19,AsianPI,1,0,0,0,0
224,2014-2016,Modoc,Age 15-19,Black,0,0,0,0,0
225,2014-2016,Mono,Age 15-19,All,1116,S,S,S,S
226,2014-2016,Mono,Age 15-17,All,682,S,S,S,S
227,2014-2016,Mono,Age 15-19,White,521,S,S,S,S
228,2014-2016,Mono,Age 15-19,Hispanic,504,S,S,S,S
229,2014-2016,Mono,Age 18-19,All,434,S,S,S,S
230,2014-2016,Mono,Age 15-19,AsianPI,31,0,0,0,0
231,2014-2016,Mono,Age 15-19,MultRace,30,0,0,0,0
232,2014-2016,Mono,Age 15-19,AIAN,27,S,S,S,S
233,2014-2016,Mono,Age 15-19,Black,3,0,0,0,0
234,2014-2016,Monterey,Age 15-19,All,47469,1333,28.1,26.6,29.6
235,2014-2016,Monterey,Age 15-19,Hispanic,32476,1246,38.4,36.3,40.5
236,2014-2016,Monterey,Age 15-17,All,27104,421,15.5,14,17
237,2014-2016,Monterey,Age 18-19,All,20365,912,44.8,41.9,47.7
238,2014-2016,Monterey,Age 15-19,White,9766,S,S,S,S
239,2014-2016,Monterey,Age 15-19,AsianPI,2626,S,S,S,S
240,2014-2016,Monterey,Age 15-19,MultRace,1642,S,S,S,S
241,2014-2016,Monterey,Age 15-19,Black,827,S,S,S,S
242,2014-2016,Monterey,Age 15-19,AIAN,132,0,0,0,0
243,2014-2016,Napa,Age 15-19,All,14268,179,12.5,10.7,14.3
244,2014-2016,Napa,Age 15-17,All,8691,S,S,S,S
245,2014-2016,Napa,Age 15-19,Hispanic,6529,150,23,19.3,26.7
246,2014-2016,Napa,Age 15-19,White,5625,S,S,S,S
247,2014-2016,Napa,Age 18-19,All,5577,130,23.3,19.3,27.3
248,2014-2016,Napa,Age 15-19,AsianPI,1270,S,S,S,S
249,2014-2016,Napa,Age 15-19,MultRace,508,S,S,S,S
250,2014-2016,Napa,Age 15-19,Black,270,S,S,S,S
251,2014-2016,Napa,Age 15-19,AIAN,66,S,S,S,S
252,2014-2016,Nevada,Age 15-19,All,8323,S,S,S,S
253,2014-2016,Nevada,Age 15-19,White,6669,S,S,S,S
254,2014-2016,Nevada,Age 15-17,All,4885,S,S,S,S
255,2014-2016,Nevada,Age 18-19,All,3438,S,S,S,S
256,2014-2016,Nevada,Age 15-19,Hispanic,1116,S,S,S,S
257,2014-2016,Nevada,Age 15-19,MultRace,389,S,S,S,S
258,2014-2016,Nevada,Age 15-19,AsianPI,75,0,0,0,0
259,2014-2016,Nevada,Age 15-19,AIAN,41,0,0,0,0
260,2014-2016,Nevada,Age 15-19,Black,33,0,0,0,0
261,2014-2016,Orange,Age 15-19,All,338730,4166,12.3,11.9,12.7
262,2014-2016,Orange,Age 15-17,All,194371,1205,6.2,5.8,6.6
263,2014-2016,Orange,Age 15-19,Hispanic,149358,3580,24,23.2,24.8
264,2014-2016,Orange,Age 18-19,All,144359,2961,20.5,19.8,21.2
265,2014-2016,Orange,Age 15-19,White,112749,381,3.4,3.1,3.7
266,2014-2016,Orange,Age 15-19,AsianPI,58082,67,1.2,0.9,1.5
267,2014-2016,Orange,Age 15-19,MultRace,12976,40,3.1,2.2,4.2
268,2014-2016,Orange,Age 15-19,Black,4973,56,11.3,8.5,14.7
269,2014-2016,Orange,Age 15-19,AIAN,592,0,0,0,0
270,2014-2016,Placer,Age 15-19,All,35657,272,7.6,6.7,8.5
271,2014-2016,Placer,Age 15-19,White,24123,139,5.8,4.8,6.8
272,2014-2016,Placer,Age 15-17,All,22118,62,2.8,2.1,3.6
273,2014-2016,Placer,Age 18-19,All,13539,210,15.5,13.4,17.6
274,2014-2016,Placer,Age 15-19,Hispanic,6374,101,15.8,12.7,18.9
275,2014-2016,Placer,Age 15-19,MultRace,2192,S,S,S,S
276,2014-2016,Placer,Age 15-19,AsianPI,2113,S,S,S,S
277,2014-2016,Placer,Age 15-19,Black,643,S,S,S,S
278,2014-2016,Placer,Age 15-19,AIAN,212,S,S,S,S
279,2014-2016,Plumas,Age 15-19,All,1566,S,S,S,S
280,2014-2016,Plumas,Age 15-19,White,1200,S,S,S,S
281,2014-2016,Plumas,Age 15-17,All,898,S,S,S,S
282,2014-2016,Plumas,Age 18-19,All,668,S,S,S,S
283,2014-2016,Plumas,Age 15-19,Hispanic,228,S,S,S,S
284,2014-2016,Plumas,Age 15-19,MultRace,62,S,S,S,S
285,2014-2016,Plumas,Age 15-19,AIAN,58,S,S,S,S
286,2014-2016,Plumas,Age 15-19,Black,18,S,S,S,S
287,2014-2016,Plumas,Age 15-19,AsianPI,0,0,0,0,0
288,2014-2016,Riverside,Age 15-19,All,273621,5394,19.7,19.2,20.2
289,2014-2016,Riverside,Age 15-17,All,162024,1444,8.9,8.4,9.4
290,2014-2016,Riverside,Age 15-19,Hispanic,158865,4144,26.1,25.3,26.9
291,2014-2016,Riverside,Age 18-19,All,111597,3950,35.4,34.3,36.5
292,2014-2016,Riverside,Age 15-19,White,71175,620,8.7,8,9.4
293,2014-2016,Riverside,Age 15-19,Black,17537,347,19.8,17.7,21.9
294,2014-2016,Riverside,Age 15-19,AsianPI,15577,48,3.1,2.3,4.1
295,2014-2016,Riverside,Age 15-19,MultRace,9189,172,18.7,15.9,21.5
296,2014-2016,Riverside,Age 15-19,AIAN,1278,32,25,17.1,35.3
297,2014-2016,Sacramento,Age 15-19,All,159485,2671,16.7,16.1,17.3
298,2014-2016,Sacramento,Age 15-17,All,89895,618,6.9,6.4,7.4
299,2014-2016,Sacramento,Age 18-19,All,69590,2053,29.5,28.2,30.8
300,2014-2016,Sacramento,Age 15-19,White,54954,537,9.8,9,10.6
301,2014-2016,Sacramento,Age 15-19,Hispanic,48865,1141,23.4,22,24.8
302,2014-2016,Sacramento,Age 15-19,AsianPI,25252,206,8.2,7.1,9.3
303,2014-2016,Sacramento,Age 15-19,Black,18849,473,25.1,22.8,27.4
304,2014-2016,Sacramento,Age 15-19,MultRace,10628,267,25.1,22.1,28.1
305,2014-2016,Sacramento,Age 15-19,AIAN,937,S,S,S,S
306,2014-2016,San Benito,Age 15-19,All,6668,126,18.9,15.6,22.2
307,2014-2016,San Benito,Age 15-19,Hispanic,4531,S,S,S,S
308,2014-2016,San Benito,Age 15-17,All,3897,S,S,S,S
309,2014-2016,San Benito,Age 18-19,All,2771,S,S,S,S
310,2014-2016,San Benito,Age 15-19,White,1774,S,S,S,S
311,2014-2016,San Benito,Age 15-19,AsianPI,165,0,0,0,0
312,2014-2016,San Benito,Age 15-19,MultRace,146,S,S,S,S
313,2014-2016,San Benito,Age 15-19,Black,33,S,S,S,S
314,2014-2016,San Benito,Age 15-19,AIAN,19,0,0,0,0
315,2014-2016,San Bernardino,Age 15-19,All,251903,6176,24.5,23.9,25.1
316,2014-2016,San Bernardino,Age 15-19,Hispanic,158688,4395,27.7,26.9,28.5
317,2014-2016,San Bernardino,Age 15-17,All,147288,1516,10.3,9.8,10.8
318,2014-2016,San Bernardino,Age 18-19,All,104615,4660,44.5,43.2,45.8
319,2014-2016,San Bernardino,Age 15-19,White,49451,847,17.1,15.9,18.3
320,2014-2016,San Bernardino,Age 15-19,Black,22678,651,28.7,26.5,30.9
321,2014-2016,San Bernardino,Age 15-19,AsianPI,13174,37,2.8,2,3.9
322,2014-2016,San Bernardino,Age 15-19,MultRace,7071,219,31,26.9,35.1
323,2014-2016,San Bernardino,Age 15-19,AIAN,841,12,14.3,7.4,25
324,2014-2016,San Diego,Age 15-19,All,330756,5245,15.9,15.5,16.3
325,2014-2016,San Diego,Age 15-17,All,188194,1299,6.9,6.5,7.3
326,2014-2016,San Diego,Age 15-19,Hispanic,148710,3637,24.5,23.7,25.3
327,2014-2016,San Diego,Age 18-19,All,142562,3946,27.7,26.8,28.6
328,2014-2016,San Diego,Age 15-19,White,112929,623,5.5,5.1,5.9
329,2014-2016,San Diego,Age 15-19,AsianPI,36252,110,3,2.4,3.6
330,2014-2016,San Diego,Age 15-19,MultRace,16370,157,9.6,8.1,11.1
331,2014-2016,San Diego,Age 15-19,Black,15207,246,16.2,14.2,18.2
332,2014-2016,San Diego,Age 15-19,AIAN,1288,28,21.7,14.4,31.4
333,2014-2016,San Francisco,Age 15-19,All,51821,390,7.5,6.8,8.2
334,2014-2016,San Francisco,Age 15-17,All,26411,108,4.1,3.3,4.9
335,2014-2016,San Francisco,Age 18-19,All,25410,282,11.1,9.8,12.4
336,2014-2016,San Francisco,Age 15-19,AsianPI,20788,36,1.7,1.2,2.4
337,2014-2016,San Francisco,Age 15-19,White,12494,17,1.4,0.8,2.2
338,2014-2016,San Francisco,Age 15-19,Hispanic,11652,239,20.5,17.9,23.1
339,2014-2016,San Francisco,Age 15-19,Black,3918,70,17.9,14,22.6
340,2014-2016,San Francisco,Age 15-19,MultRace,2872,19,6.6,4,10.3
341,2014-2016,San Francisco,Age 15-19,AIAN,97,S,S,S,S
342,2014-2016,San Joaquin,Age 15-19,All,85522,1857,21.7,20.7,22.7
343,2014-2016,San Joaquin,Age 15-17,All,51079,497,9.7,8.8,10.6
344,2014-2016,San Joaquin,Age 15-19,Hispanic,40641,1195,29.4,27.7,31.1
345,2014-2016,San Joaquin,Age 18-19,All,34443,1360,39.5,37.4,41.6
346,2014-2016,San Joaquin,Age 15-19,White,21286,245,11.5,10.1,12.9
347,2014-2016,San Joaquin,Age 15-19,AsianPI,12430,138,11.1,9.2,13
348,2014-2016,San Joaquin,Age 15-19,Black,6702,191,28.5,24.5,32.5
349,2014-2016,San Joaquin,Age 15-19,MultRace,4150,68,16.4,12.7,20.8
350,2014-2016,San Joaquin,Age 15-19,AIAN,313,S,S,S,S
351,2014-2016,San Luis Obispo,Age 15-19,All,30894,366,11.8,10.6,13
352,2014-2016,San Luis Obispo,Age 15-19,White,18822,109,5.8,4.7,6.9
353,2014-2016,San Luis Obispo,Age 15-17,All,15791,S,S,S,S
354,2014-2016,San Luis Obispo,Age 18-19,All,15103,273,18.1,16,20.2
355,2014-2016,San Luis Obispo,Age 15-19,Hispanic,9263,238,25.7,22.4,29
356,2014-2016,San Luis Obispo,Age 15-19,AsianPI,1310,S,S,S,S
357,2014-2016,San Luis Obispo,Age 15-19,MultRace,1146,S,S,S,S
358,2014-2016,San Luis Obispo,Age 15-19,Black,250,S,S,S,S
359,2014-2016,San Luis Obispo,Age 15-19,AIAN,103,S,S,S,S
360,2014-2016,San Mateo,Age 15-19,All,59276,611,10.3,9.5,11.1
361,2014-2016,San Mateo,Age 15-17,All,36403,168,4.6,3.9,5.3
362,2014-2016,San Mateo,Age 18-19,All,22873,443,19.4,17.6,21.2
363,2014-2016,San Mateo,Age 15-19,Hispanic,20384,463,22.7,20.6,24.8
364,2014-2016,San Mateo,Age 15-19,White,19732,21,1.1,0.7,1.7
365,2014-2016,San Mateo,Age 15-19,AsianPI,14044,48,3.4,2.5,4.5
366,2014-2016,San Mateo,Age 15-19,MultRace,3707,22,5.9,3.7,8.9
367,2014-2016,San Mateo,Age 15-19,Black,1326,14,10.6,5.8,17.8
368,2014-2016,San Mateo,Age 15-19,AIAN,83,0,0,0,0
369,2014-2016,Santa Barbara,Age 15-19,All,57042,1091,19.1,18,20.2
370,2014-2016,Santa Barbara,Age 15-19,Hispanic,29501,993,33.7,31.6,35.8
371,2014-2016,Santa Barbara,Age 18-19,All,28717,748,26,24.1,27.9
372,2014-2016,Santa Barbara,Age 15-17,All,28325,343,12.1,10.8,13.4
373,2014-2016,Santa Barbara,Age 15-19,White,20855,65,3.1,2.4,4
374,2014-2016,Santa Barbara,Age 15-19,AsianPI,3334,S,S,S,S
375,2014-2016,Santa Barbara,Age 15-19,MultRace,2145,S,S,S,S
376,2014-2016,Santa Barbara,Age 15-19,Black,1046,S,S,S,S
377,2014-2016,Santa Barbara,Age 15-19,AIAN,161,S,S,S,S
378,2014-2016,Santa Clara,Age 15-19,All,177194,1874,10.6,10.1,11.1
379,2014-2016,Santa Clara,Age 15-17,All,105019,526,5,4.6,5.4
380,2014-2016,Santa Clara,Age 18-19,All,72175,1348,18.7,17.7,19.7
381,2014-2016,Santa Clara,Age 15-19,Hispanic,63335,1598,25.2,24,26.4
382,2014-2016,Santa Clara,Age 15-19,AsianPI,54018,85,1.6,1.3,2
383,2014-2016,Santa Clara,Age 15-19,White,46109,90,2,1.6,2.5
384,2014-2016,Santa Clara,Age 15-19,MultRace,8956,31,3.5,2.4,5
385,2014-2016,Santa Clara,Age 15-19,Black,4414,23,5.2,3.3,7.8
386,2014-2016,Santa Clara,Age 15-19,AIAN,362,S,S,S,S
387,2014-2016,Santa Cruz,Age 15-19,All,35743,440,12.3,11.2,13.4
388,2014-2016,Santa Cruz,Age 18-19,All,18260,310,17,15.1,18.9
389,2014-2016,Santa Cruz,Age 15-17,All,17483,130,7.4,6.1,8.7
390,2014-2016,Santa Cruz,Age 15-19,White,16551,S,S,S,S
391,2014-2016,Santa Cruz,Age 15-19,Hispanic,14779,388,26.3,23.7,28.9
392,2014-2016,Santa Cruz,Age 15-19,AsianPI,2308,S,S,S,S
393,2014-2016,Santa Cruz,Age 15-19,MultRace,1628,S,S,S,S
394,2014-2016,Santa Cruz,Age 15-19,Black,392,S,S,S,S
395,2014-2016,Santa Cruz,Age 15-19,AIAN,85,S,S,S,S
396,2014-2016,Shasta,Age 15-19,All,16714,362,21.7,19.5,23.9
397,2014-2016,Shasta,Age 15-19,White,12075,257,21.3,18.7,23.9
398,2014-2016,Shasta,Age 15-17,All,9952,S,S,S,S
399,2014-2016,Shasta,Age 18-19,All,6762,295,43.6,38.6,48.6
400,2014-2016,Shasta,Age 15-19,Hispanic,2385,S,S,S,S
401,2014-2016,Shasta,Age 15-19,MultRace,1064,S,S,S,S
402,2014-2016,Shasta,Age 15-19,AIAN,495,S,S,S,S
403,2014-2016,Shasta,Age 15-19,AsianPI,494,S,S,S,S
404,2014-2016,Shasta,Age 15-19,Black,201,S,S,S,S
405,2014-2016,Sierra,Age 15-19,All,207,S,S,S,S
406,2014-2016,Sierra,Age 15-19,White,185,S,S,S,S
407,2014-2016,Sierra,Age 15-17,All,124,0,0,0,0
408,2014-2016,Sierra,Age 18-19,All,83,S,S,S,S
409,2014-2016,Sierra,Age 15-19,Hispanic,22,S,S,S,S
410,2014-2016,Sierra,Age 15-19,AIAN,0,0,0,0,0
411,2014-2016,Sierra,Age 15-19,AsianPI,0,0,0,0,0
412,2014-2016,Sierra,Age 15-19,Black,0,0,0,0,0
413,2014-2016,Sierra,Age 15-19,MultRace,0,0,0,0,0
414,2014-2016,Siskiyou,Age 15-19,All,3978,S,S,S,S
415,2014-2016,Siskiyou,Age 15-19,White,2717,S,S,S,S
416,2014-2016,Siskiyou,Age 15-17,All,2421,S,S,S,S
417,2014-2016,Siskiyou,Age 18-19,All,1557,S,S,S,S
418,2014-2016,Siskiyou,Age 15-19,Hispanic,704,S,S,S,S
419,2014-2016,Siskiyou,Age 15-19,MultRace,282,S,S,S,S
420,2014-2016,Siskiyou,Age 15-19,AIAN,173,S,S,S,S
421,2014-2016,Siskiyou,Age 15-19,AsianPI,53,0,0,0,0
422,2014-2016,Siskiyou,Age 15-19,Black,49,S,S,S,S
423,2014-2016,Solano,Age 15-19,All,44831,671,15,13.9,16.1
424,2014-2016,Solano,Age 15-17,All,27114,162,6,5.1,6.9
425,2014-2016,Solano,Age 18-19,All,17717,509,28.7,26.2,31.2
426,2014-2016,Solano,Age 15-19,Hispanic,15824,355,22.4,20.1,24.7
427,2014-2016,Solano,Age 15-19,White,11952,100,8.4,6.8,10
428,2014-2016,Solano,Age 15-19,Black,6969,105,15.1,12.2,18
429,2014-2016,Solano,Age 15-19,AsianPI,5955,S,S,S,S
430,2014-2016,Solano,Age 15-19,MultRace,4027,S,S,S,S
431,2014-2016,Solano,Age 15-19,AIAN,104,0,0,0,0
432,2014-2016,Sonoma,Age 15-19,All,48925,528,10.8,9.9,11.7
433,2014-2016,Sonoma,Age 15-17,All,27960,143,5.1,4.3,5.9
434,2014-2016,Sonoma,Age 15-19,White,25685,86,3.3,2.6,4.1
435,2014-2016,Sonoma,Age 18-19,All,20965,385,18.4,16.6,20.2
436,2014-2016,Sonoma,Age 15-19,Hispanic,17532,378,21.6,19.4,23.8
437,2014-2016,Sonoma,Age 15-19,AsianPI,2329,S,S,S,S
438,2014-2016,Sonoma,Age 15-19,MultRace,2223,S,S,S,S
439,2014-2016,Sonoma,Age 15-19,Black,799,S,S,S,S
440,2014-2016,Sonoma,Age 15-19,AIAN,357,S,S,S,S
441,2014-2016,Stanislaus,Age 15-19,All,63697,1603,25.2,24,26.4
442,2014-2016,Stanislaus,Age 15-17,All,35943,406,11.3,10.2,12.4
443,2014-2016,Stanislaus,Age 15-19,Hispanic,35739,1104,30.9,29.1,32.7
444,2014-2016,Stanislaus,Age 18-19,All,27754,1197,43.1,40.7,45.5
445,2014-2016,Stanislaus,Age 15-19,White,20313,343,16.9,15.1,18.7
446,2014-2016,Stanislaus,Age 15-19,AsianPI,3439,S,S,S,S
447,2014-2016,Stanislaus,Age 15-19,MultRace,2164,S,S,S,S
448,2014-2016,Stanislaus,Age 15-19,Black,1783,S,S,S,S
449,2014-2016,Stanislaus,Age 15-19,AIAN,259,S,S,S,S
450,2014-2016,Sutter,Age 15-19,All,10649,220,20.7,18,23.4
451,2014-2016,Sutter,Age 15-17,All,6481,S,S,S,S
452,2014-2016,Sutter,Age 15-19,White,4445,S,S,S,S
453,2014-2016,Sutter,Age 18-19,All,4168,S,S,S,S
454,2014-2016,Sutter,Age 15-19,Hispanic,4056,S,S,S,S
455,2014-2016,Sutter,Age 15-19,AsianPI,1383,S,S,S,S
456,2014-2016,Sutter,Age 15-19,MultRace,504,S,S,S,S
457,2014-2016,Sutter,Age 15-19,Black,178,0,0,0,0
458,2014-2016,Sutter,Age 15-19,AIAN,83,S,S,S,S
459,2014-2016,Tehama,Age 15-19,All,6500,193,29.7,25.5,33.9
460,2014-2016,Tehama,Age 15-19,White,3872,S,S,S,S
461,2014-2016,Tehama,Age 15-17,All,3832,S,S,S,S
462,2014-2016,Tehama,Age 18-19,All,2668,S,S,S,S
463,2014-2016,Tehama,Age 15-19,Hispanic,2176,S,S,S,S
464,2014-2016,Tehama,Age 15-19,MultRace,235,S,S,S,S
465,2014-2016,Tehama,Age 15-19,AIAN,98,S,S,S,S
466,2014-2016,Tehama,Age 15-19,AsianPI,72,0,0,0,0
467,2014-2016,Tehama,Age 15-19,Black,47,S,S,S,S
468,2014-2016,Trinity,Age 15-19,All,1191,S,S,S,S
469,2014-2016,Trinity,Age 15-19,White,838,S,S,S,S
470,2014-2016,Trinity,Age 15-17,All,660,S,S,S,S
471,2014-2016,Trinity,Age 18-19,All,531,S,S,S,S
472,2014-2016,Trinity,Age 15-19,Hispanic,224,S,S,S,S
473,2014-2016,Trinity,Age 15-19,MultRace,68,S,S,S,S
474,2014-2016,Trinity,Age 15-19,AIAN,43,S,S,S,S
475,2014-2016,Trinity,Age 15-19,AsianPI,18,S,S,S,S
476,2014-2016,Trinity,Age 15-19,Black,0,0,0,0,0
477,2014-2016,Tulare,Age 15-19,All,55157,1984,36,34.4,37.6
478,2014-2016,Tulare,Age 15-19,Hispanic,40500,1665,41.1,39.1,43.1
479,2014-2016,Tulare,Age 15-17,All,34055,579,17,15.6,18.4
480,2014-2016,Tulare,Age 18-19,All,21102,1405,66.6,63.1,70.1
481,2014-2016,Tulare,Age 15-19,White,11293,227,20.1,17.5,22.7
482,2014-2016,Tulare,Age 15-19,AsianPI,1511,S,S,S,S
483,2014-2016,Tulare,Age 15-19,MultRace,825,S,S,S,S
484,2014-2016,Tulare,Age 15-19,Black,639,S,S,S,S
485,2014-2016,Tulare,Age 15-19,AIAN,389,S,S,S,S
486,2014-2016,Tuolumne,Age 15-19,All,4292,S,S,S,S
487,2014-2016,Tuolumne,Age 15-19,White,3194,S,S,S,S
488,2014-2016,Tuolumne,Age 15-17,All,2450,S,S,S,S
489,2014-2016,Tuolumne,Age 18-19,All,1842,S,S,S,S
490,2014-2016,Tuolumne,Age 15-19,Hispanic,721,S,S,S,S
491,2014-2016,Tuolumne,Age 15-19,MultRace,179,S,S,S,S
492,2014-2016,Tuolumne,Age 15-19,AIAN,75,S,S,S,S
493,2014-2016,Tuolumne,Age 15-19,Black,71,S,S,S,S
494,2014-2016,Tuolumne,Age 15-19,AsianPI,52,0,0,0,0
495,2014-2016,Ventura,Age 15-19,All,89985,1497,16.6,15.8,17.4
496,2014-2016,Ventura,Age 15-17,All,52811,448,8.5,7.7,9.3
497,2014-2016,Ventura,Age 15-19,Hispanic,45510,1289,28.3,26.8,29.8
498,2014-2016,Ventura,Age 18-19,All,37174,1049,28.2,26.5,29.9
499,2014-2016,Ventura,Age 15-19,White,34388,137,4,3.3,4.7
500,2014-2016,Ventura,Age 15-19,AsianPI,5303,S,S,S,S
501,2014-2016,Ventura,Age 15-19,MultRace,3367,23,6.8,4.3,10.2
502,2014-2016,Ventura,Age 15-19,Black,1229,S,S,S,S
503,2014-2016,Ventura,Age 15-19,AIAN,188,S,S,S,S
504,2014-2016,Yolo,Age 15-19,All,30778,273,8.9,7.8,10
505,2014-2016,Yolo,Age 18-19,All,17006,204,12,10.4,13.6
506,2014-2016,Yolo,Age 15-17,All,13772,S,S,S,S
507,2014-2016,Yolo,Age 15-19,White,12620,S,S,S,S
508,2014-2016,Yolo,Age 15-19,Hispanic,11014,190,17.3,14.8,19.8
509,2014-2016,Yolo,Age 15-19,AsianPI,4772,S,S,S,S
510,2014-2016,Yolo,Age 15-19,MultRace,1563,S,S,S,S
511,2014-2016,Yolo,Age 15-19,Black,710,S,S,S,S
512,2014-2016,Yolo,Age 15-19,AIAN,99,S,S,S,S
513,2014-2016,Yuba,Age 15-19,All,8125,234,28.8,25.1,32.5
514,2014-2016,Yuba,Age 15-17,All,4821,S,S,S,S
515,2014-2016,Yuba,Age 15-19,White,3681,S,S,S,S
516,2014-2016,Yuba,Age 18-19,All,3304,S,S,S,S
517,2014-2016,Yuba,Age 15-19,Hispanic,3072,S,S,S,S
518,2014-2016,Yuba,Age 15-19,AsianPI,548,S,S,S,S
519,2014-2016,Yuba,Age 15-19,MultRace,493,S,S,S,S
520,2014-2016,Yuba,Age 15-19,Black,218,S,S,S,S
521,2014-2016,Yuba,Age 15-19,AIAN,113,S,S,S,S
